{"cameraMode":{"drawMode":0,"name":"Shaded","section":"Shading Mode"},"sceneLighting":true,"audioPlay":false,"sceneViewState":{"showFog":true,"showMaterialUpdate":false,"showSkybox":true,"showFlares":true,"showImageEffects":true,"showParticleSystems":true},"in2DMode":false,"pivot":{"x":0.18216586112976075,"y":3.9785192012786867,"z":-9.145639419555664},"rotation":{"x":-0.3399014174938202,"y":0.0019739342387765648,"z":-0.0007090962608344853,"w":-0.9404681921005249},"size":3.539740562438965,"orthographic":false}