{"cameraMode":{"drawMode":0,"name":"Shaded","section":"Shading Mode"},"sceneLighting":true,"audioPlay":false,"sceneViewState":{"showFog":true,"showMaterialUpdate":false,"showSkybox":true,"showFlares":true,"showImageEffects":true,"showParticleSystems":true},"in2DMode":false,"pivot":{"x":-1.7999998331069947,"y":0.41999995708465578,"z":0.3400000333786011},"rotation":{"x":-0.045559730380773547,"y":0.9487762451171875,"z":-0.15722057223320008,"w":-0.27083292603492739},"size":23.442779541015626,"orthographic":false}