{"cameraMode":{"drawMode":0,"name":"Shaded","section":"Shading Mode"},"sceneLighting":false,"audioPlay":false,"sceneViewState":{"showFog":true,"showMaterialUpdate":false,"showSkybox":false,"showFlares":true,"showImageEffects":true,"showParticleSystems":true},"in2DMode":false,"pivot":{"x":-1.1080000400543213,"y":0.7017555832862854,"z":-0.3619861900806427},"rotation":{"x":0.06253837049007416,"y":-0.8848618865013123,"z":0.12453807145357132,"w":0.44459956884384158},"size":3.6116127967834474,"orthographic":false}